date,time,ep,image,caption_file
2026-07-14,09:00,1,social/img/ep_01.jpg,posts/day_01_ep01.txt
2026-07-15,09:00,2,social/img/ep_02.jpg,posts/day_02_ep02.txt
2026-07-16,09:00,3,social/img/ep_03.jpg,posts/day_03_ep03.txt
2026-07-17,09:00,4,social/img/ep_04.jpg,posts/day_04_ep04.txt
2026-07-20,09:00,5,social/img/ep_05.jpg,posts/day_05_ep05.txt
2026-07-21,09:00,6,social/img/ep_06.jpg,posts/day_06_ep06.txt
2026-07-22,09:00,7,social/img/ep_07.jpg,posts/day_07_ep07.txt
2026-07-23,09:00,8,social/img/ep_08.jpg,posts/day_08_ep08.txt
2026-07-24,09:00,9,social/img/ep_09.jpg,posts/day_09_ep09.txt
2026-07-27,09:00,10,social/img/ep_10.jpg,posts/day_10_ep10.txt
2026-07-28,09:00,11,social/img/ep_11.jpg,posts/day_11_ep11.txt
2026-07-29,09:00,12,social/img/ep_12.jpg,posts/day_12_ep12.txt
2026-07-30,09:00,13,social/img/ep_13.jpg,posts/day_13_ep13.txt
2026-07-31,09:00,14,social/img/ep_14.jpg,posts/day_14_ep14.txt
2026-08-03,09:00,15,social/img/ep_15.jpg,posts/day_15_ep15.txt
2026-08-04,09:00,16,social/img/ep_16.jpg,posts/day_16_ep16.txt
2026-08-05,09:00,17,social/img/ep_17.jpg,posts/day_17_ep17.txt
2026-08-06,09:00,18,social/img/ep_18.jpg,posts/day_18_ep18.txt
2026-08-07,09:00,19,social/img/ep_19.jpg,posts/day_19_ep19.txt
2026-08-10,09:00,20,social/img/ep_20.jpg,posts/day_20_ep20.txt
2026-08-11,09:00,21,social/img/ep_21.jpg,posts/day_21_ep21.txt
2026-08-12,09:00,22,social/img/ep_22.jpg,posts/day_22_ep22.txt
2026-08-13,09:00,23,social/img/ep_23.jpg,posts/day_23_ep23.txt
2026-08-14,09:00,24,social/img/ep_24.jpg,posts/day_24_ep24.txt
2026-08-17,09:00,25,social/img/ep_25.jpg,posts/day_25_ep25.txt
2026-08-18,09:00,26,social/img/ep_26.jpg,posts/day_26_ep26.txt
2026-08-19,09:00,27,social/img/ep_27.jpg,posts/day_27_ep27.txt
2026-08-20,09:00,28,social/img/ep_28.jpg,posts/day_28_ep28.txt
2026-08-21,09:00,29,social/img/ep_29.jpg,posts/day_29_ep29.txt
